year,continent,country,IYR,EYR,Trade_deficit,Average of US_ unemployment_rate,Average of US_housing_price_index,Sum of number_of_covid_cases_US,Sum of number_of_covid_deaths
2019,Africa,Algeria,2479.529457,1000.467959,1479.061498,3.68,274.48,0,0
2021,Africa,Algeria,1648.870835,689.426145,959.44469,5.36,345.18,206532402,2679372
2020,Africa,Algeria,482.142284,725.192594,-243.05031,8.09,296.17,120458016,2154714
2021,Africa,Angola,1055.011525,398.724445,656.28708,5.36,345.18,206532402,2679372
2019,Africa,Angola,954.541199,534.698174,419.843025,3.68,274.48,0,0
2020,Africa,Angola,471.73608,469.987653,1.748427,8.09,296.17,120458016,2154714
2019,Africa,Benin,8.595489,266.422353,-257.826864,3.68,274.48,0,0
2021,Africa,Benin,7.883771,294.888682,-287.004911,5.36,345.18,206532402,2679372
2020,Africa,Benin,5.57648,196.962006,-191.385526,8.09,296.17,120458016,2154714
2019,Africa,Botswana,275.313644,104.493794,170.81985,3.68,274.48,0,0
2021,Africa,Botswana,224.330781,49.837712,174.493069,5.36,345.18,206532402,2679372
2020,Africa,Botswana,174.996268,48.657249,126.339019,8.09,296.17,120458016,2154714
2019,Africa,Burkina Faso,5.976582,66.255747,-60.279165,3.68,274.48,0,0
2020,Africa,Burkina Faso,5.090827,71.92753,-66.836703,8.09,296.17,120458016,2154714
2021,Africa,Burkina Faso,3.490736,87.917599,-84.426863,5.36,345.18,206532402,2679372
2021,Africa,Cabo Verde,4.852976,9.962578,-5.109602,5.36,345.18,206532402,2679372
2020,Africa,Cabo Verde,4.61888,6.922056,-2.303176,8.09,296.17,120458016,2154714
2019,Africa,Cabo Verde,3.952995,8.170182,-4.217187,3.68,274.48,0,0
2020,Africa,Cameroon,470.622557,187.382615,283.239942,8.09,296.17,120458016,2154714
2019,Africa,Cameroon,291.877141,200.038363,91.838778,3.68,274.48,0,0
2021,Africa,Cameroon,195.684792,140.521806,55.162986,5.36,345.18,206532402,2679372
2019,Africa,Central African Republic,3.534678,16.985043,-13.450365,3.68,274.48,0,0
2021,Africa,Central African Republic,1.737854,17.247076,-15.509222,5.36,345.18,206532402,2679372
2020,Africa,Central African Republic,1.014445,15.816339,-14.801894,8.09,296.17,120458016,2154714
2019,Africa,Chad,132.836755,84.632783,48.203972,3.68,274.48,0,0
2021,Africa,Chad,3.70394,36.295725,-32.591785,5.36,345.18,206532402,2679372
2020,Africa,Chad,3.322196,46.11094,-42.788744,8.09,296.17,120458016,2154714
2021,Africa,Comoros,5.521595,1.688841,3.832754,5.36,345.18,206532402,2679372
2020,Africa,Comoros,3.42892,1.410572,2.018348,8.09,296.17,120458016,2154714
2019,Africa,Comoros,2.064034,1.512989,0.551045,3.68,274.48,0,0
2019,Africa,Congo (Brazzaville),562.792051,108.900126,453.891925,3.68,274.48,0,0
2020,Africa,Congo (Brazzaville),132.186459,99.089048,33.097411,8.09,296.17,120458016,2154714
2021,Africa,Congo (Brazzaville),49.741117,98.63022,-48.889103,5.36,345.18,206532402,2679372
2021,Africa,Congo (Kinshasa),234.556358,182.316338,52.24002,5.36,345.18,206532402,2679372
2020,Africa,Congo (Kinshasa),29.968014,153.400671,-123.432657,8.09,296.17,120458016,2154714
2019,Africa,Congo (Kinshasa),21.611556,131.898188,-110.286632,3.68,274.48,0,0
2021,Africa,Cote d'Ivoire,1180.622052,271.025769,909.596283,5.36,345.18,206532402,2679372
2019,Africa,Cote d'Ivoire,923.791355,278.532898,645.258457,3.68,274.48,0,0
2020,Africa,Cote d'Ivoire,880.744755,218.767236,661.977519,8.09,296.17,120458016,2154714
2020,Africa,Djibouti,40.754914,189.297719,-148.542805,8.09,296.17,120458016,2154714
2021,Africa,Djibouti,31.782378,189.984794,-158.202416,5.36,345.18,206532402,2679372
2019,Africa,Djibouti,30.60109,150.076642,-119.475552,3.68,274.48,0,0
2019,Africa,Equatorial Guinea,327.705668,213.870787,113.834881,3.68,274.48,0,0
2021,Africa,Equatorial Guinea,224.34627,47.661632,176.684638,5.36,345.18,206532402,2679372
2020,Africa,Equatorial Guinea,135.44548,93.729178,41.716302,8.09,296.17,120458016,2154714
2021,Africa,Eritrea,0.295114,18.796052,-18.500938,5.36,345.18,206532402,2679372
2020,Africa,Eritrea,0.27281,18.675177,-18.402367,8.09,296.17,120458016,2154714
2019,Africa,Eritrea,0.143376,14.321999,-14.178623,3.68,274.48,0,0
2021,Africa,Eswatini,22.69531,34.593692,-11.898382,5.36,345.18,206532402,2679372
2020,Africa,Eswatini,19.500925,21.41448,-1.913555,8.09,296.17,120458016,2154714
2019,Africa,Eswatini,15.871409,19.698205,-3.826796,3.68,274.48,0,0
2019,Africa,Ethiopia,571.538298,1010.78853,-439.250232,3.68,274.48,0,0
2021,Africa,Ethiopia,553.216742,499.253071,53.963671,5.36,345.18,206532402,2679372
2020,Africa,Ethiopia,524.532825,910.938604,-386.405779,8.09,296.17,120458016,2154714
2019,Africa,Gabon,121.122071,129.328871,-8.2068,3.68,274.48,0,0
2021,Africa,Gabon,103.548184,87.025718,16.522466,5.36,345.18,206532402,2679372
2020,Africa,Gabon,76.101247,92.239293,-16.138046,8.09,296.17,120458016,2154714
2019,Africa,Gambia,1.547523,44.956759,-43.409236,3.68,274.48,0,0
2021,Africa,Gambia,1.041322,48.785046,-47.743724,5.36,345.18,206532402,2679372
2020,Africa,Gambia,0.995646,41.490184,-40.494538,8.09,296.17,120458016,2154714
2021,Africa,Ghana,1608.261263,883.528905,724.732358,5.36,345.18,206532402,2679372
2019,Africa,Ghana,942.512864,840.130858,102.382006,3.68,274.48,0,0
2020,Africa,Ghana,716.977065,828.77183,-111.794765,8.09,296.17,120458016,2154714
2020,Africa,Guinea,9.915065,135.531801,-125.616736,8.09,296.17,120458016,2154714
2021,Africa,Guinea,9.224948,142.323683,-133.098735,5.36,345.18,206532402,2679372
2019,Africa,Guinea,8.752154,128.010546,-119.258392,3.68,274.48,0,0
2019,Africa,Kenya,667.122195,401.299989,265.822206,3.68,274.48,0,0
2021,Africa,Kenya,633.576897,473.899845,159.677052,5.36,345.18,206532402,2679372
2020,Africa,Kenya,568.82896,372.172459,196.656501,8.09,296.17,120458016,2154714
2019,Africa,Lesotho,324.951576,1.212467,323.739109,3.68,274.48,0,0
2020,Africa,Lesotho,305.390768,2.192068,303.1987,8.09,296.17,120458016,2154714
2021,Africa,Lesotho,302.942411,2.96996,299.972451,5.36,345.18,206532402,2679372
2019,Africa,Liberia,65.643435,113.873655,-48.23022,3.68,274.48,0,0
2021,Africa,Liberia,65.475679,126.35781,-60.882131,5.36,345.18,206532402,2679372
2020,Africa,Liberia,45.117098,93.177833,-48.060735,8.09,296.17,120458016,2154714
2021,Africa,Libya,2050.487253,251.493011,1798.994242,5.36,345.18,206532402,2679372
2019,Africa,Libya,1502.633645,412.008734,1090.624911,3.68,274.48,0,0
2020,Africa,Libya,215.416133,289.956115,-74.539982,8.09,296.17,120458016,2154714
2019,Africa,Madagascar,846.12883,66.679485,779.449345,3.68,274.48,0,0
2021,Africa,Madagascar,614.766058,50.319541,564.446517,5.36,345.18,206532402,2679372
2020,Africa,Madagascar,613.87919,35.98964,577.88955,8.09,296.17,120458016,2154714
2019,Africa,Malawi,79.469352,22.808686,56.660666,3.68,274.48,0,0
2020,Africa,Malawi,43.247962,13.173623,30.074339,8.09,296.17,120458016,2154714
2021,Africa,Malawi,42.488352,22.023561,20.464791,5.36,345.18,206532402,2679372
2019,Africa,Mali,4.596565,68.050866,-63.454301,3.68,274.48,0,0
2021,Africa,Mali,2.93818,88.215781,-85.277601,5.36,345.18,206532402,2679372
2020,Africa,Mali,2.205457,98.700571,-96.495114,8.09,296.17,120458016,2154714
2020,Africa,Mauritania,5.976681,128.063034,-122.086353,8.09,296.17,120458016,2154714
2019,Africa,Mauritania,5.047037,90.685943,-85.638906,3.68,274.48,0,0
2021,Africa,Mauritania,4.217102,126.835154,-122.618052,5.36,345.18,206532402,2679372
2019,Africa,Mauritius,343.420166,103.48174,239.938426,3.68,274.48,0,0
2020,Africa,Mauritius,242.407034,49.617061,192.789973,8.09,296.17,120458016,2154714
2021,Africa,Mauritius,231.813086,67.54943,164.263656,5.36,345.18,206532402,2679372
2019,Africa,Morocco,1582.286901,3501.600014,-1919.313113,3.68,274.48,0,0
2021,Africa,Morocco,1133.612291,2499.491988,-1365.879697,5.36,345.18,206532402,2679372
2020,Africa,Morocco,1048.066437,2301.437993,-1253.371556,8.09,296.17,120458016,2154714
2021,Africa,Mozambique,139.290376,155.975735,-16.685359,5.36,345.18,206532402,2679372
2019,Africa,Mozambique,136.78056,196.316709,-59.536149,3.68,274.48,0,0
2020,Africa,Mozambique,108.052455,127.368102,-19.315647,8.09,296.17,120458016,2154714
2019,Africa,Namibia,143.885152,194.405452,-50.5203,3.68,274.48,0,0
2021,Africa,Namibia,136.541916,89.291853,47.250063,5.36,345.18,206532402,2679372
2020,Africa,Namibia,90.217057,60.093881,30.123176,8.09,296.17,120458016,2154714
2021,Africa,Niger,85.744844,186.555915,-100.811071,5.36,345.18,206532402,2679372
2020,Africa,Niger,78.538189,144.68012,-66.141931,8.09,296.17,120458016,2154714
2019,Africa,Niger,46.536399,91.802404,-45.266005,3.68,274.48,0,0
2019,Africa,Nigeria,4609.511216,3198.076716,1411.4345,3.68,274.48,0,0
2021,Africa,Nigeria,3192.504492,3544.096611,-351.592119,5.36,345.18,206532402,2679372
2020,Africa,Nigeria,1484.805652,2802.207295,-1317.401643,8.09,296.17,120458016,2154714
2019,Africa,Rwanda,45.62475,18.833728,26.791022,3.68,274.48,0,0
2020,Africa,Rwanda,32.640234,27.403052,5.237182,8.09,296.17,120458016,2154714
2021,Africa,Rwanda,25.277405,40.934048,-15.656643,5.36,345.18,206532402,2679372
2019,Africa,Senegal,131.283648,196.739658,-65.45601,3.68,274.48,0,0
2021,Africa,Senegal,129.83649,357.50224,-227.66575,5.36,345.18,206532402,2679372
2020,Africa,Senegal,100.987192,281.30186,-180.314668,8.09,296.17,120458016,2154714
2019,Africa,Seychelles,10.783577,18.357964,-7.574387,3.68,274.48,0,0
2021,Africa,Seychelles,9.041148,10.311325,-1.270177,5.36,345.18,206532402,2679372
2020,Africa,Seychelles,6.837861,17.062461,-10.2246,8.09,296.17,120458016,2154714
2020,Africa,Sierra Leone,31.993511,73.806528,-41.813017,8.09,296.17,120458016,2154714
2019,Africa,Sierra Leone,29.963316,78.234097,-48.270781,3.68,274.48,0,0
2021,Africa,Sierra Leone,16.209076,103.459898,-87.250822,5.36,345.18,206532402,2679372
2021,Africa,Somalia,1.150871,47.163846,-46.012975,5.36,345.18,206532402,2679372
2019,Africa,Somalia,0.991688,105.232004,-104.240316,3.68,274.48,0,0
2020,Africa,Somalia,0.503571,56.853303,-56.349732,8.09,296.17,120458016,2154714
2021,Africa,South Africa,14295.00171,5088.887751,9206.113959,5.36,345.18,206532402,2679372
2020,Africa,South Africa,11368.00691,4374.150967,6993.855943,8.09,296.17,120458016,2154714
2019,Africa,South Africa,7794.61783,5367.159438,2427.458392,3.68,274.48,0,0
2019,Africa,South Sudan,66.390628,21.819258,44.57137,3.68,274.48,0,0
2020,Africa,South Sudan,0.104602,45.400728,-45.296126,8.09,296.17,120458016,2154714
2021,Africa,South Sudan,0.07089,51.97766,-51.90677,5.36,345.18,206532402,2679372
2020,Africa,Sudan,82.199947,71.584744,10.615203,8.09,296.17,120458016,2154714
2019,Africa,Sudan,21.241528,74.092663,-52.851135,3.68,274.48,0,0
2021,Africa,Sudan,18.582558,137.594917,-119.012359,5.36,345.18,206532402,2679372
2019,Africa,Tanzania,129.781914,332.501162,-202.719248,3.68,274.48,0,0
2020,Africa,Tanzania,121.502773,243.223158,-121.720385,8.09,296.17,120458016,2154714
2021,Africa,Tanzania,72.223252,257.087823,-184.864571,5.36,345.18,206532402,2679372
2020,Africa,Togo,19.535236,310.389414,-290.854178,8.09,296.17,120458016,2154714
2021,Africa,Togo,17.783463,210.670531,-192.887068,5.36,345.18,206532402,2679372
2019,Africa,Togo,13.015722,437.521796,-424.506074,3.68,274.48,0,0
2021,Africa,Tunisia,677.012793,393.306314,283.706479,5.36,345.18,206532402,2679372
2020,Africa,Tunisia,568.508027,428.99533,139.512697,8.09,296.17,120458016,2154714
2019,Africa,Tunisia,469.150414,460.65696,8.493454,3.68,274.48,0,0
2020,Africa,Uganda,83.329606,94.879574,-11.549968,8.09,296.17,120458016,2154714
2021,Africa,Uganda,82.105148,141.001135,-58.895987,5.36,345.18,206532402,2679372
2019,Africa,Uganda,80.525508,104.308915,-23.783407,3.68,274.48,0,0
2021,Africa,Zambia,152.622111,82.248779,70.373332,5.36,345.18,206532402,2679372
2019,Africa,Zambia,82.952689,99.272485,-16.319796,3.68,274.48,0,0
2020,Africa,Zambia,40.303535,71.796562,-31.493027,8.09,296.17,120458016,2154714
2019,Africa,Zimbabwe,47.041815,39.95802,7.083795,3.68,274.48,0,0
2021,Africa,Zimbabwe,40.987824,41.790974,-0.80315,5.36,345.18,206532402,2679372
2020,Africa,Zimbabwe,36.856066,46.41944,-9.563374,8.09,296.17,120458016,2154714
2019,Asia,China,450760.375,106448.3717,344312.0033,3.68,274.48,0,0
2021,Asia,China,456832.1688,137680.5078,319151.661,5.36,345.18,206532402,2679372
2020,Asia,China,434748.9567,124485.4307,310263.526,8.09,296.17,120458016,2154714
2019,Asia,Japan,143585.5231,74497.00425,69088.51885,3.68,274.48,0,0
2021,Asia,Japan,123578.0341,68416.44666,55161.58744,5.36,345.18,206532402,2679372
2020,Asia,Japan,119499.2634,63756.41158,55742.85182,8.09,296.17,120458016,2154714
2021,Asia,Vietnam,92324.95191,9959.983881,82364.96803,5.36,345.18,206532402,2679372
2021,Asia,"Korea, South",86233.83486,60346.0903,25887.74456,5.36,345.18,206532402,2679372
2020,Asia,Vietnam,79618.64793,9912.050151,69706.59778,8.09,296.17,120458016,2154714
2019,Asia,"Korea, South",77478.5907,56504.09099,20974.49971,3.68,274.48,0,0
2020,Asia,"Korea, South",76056.99829,50965.21314,25091.78515,8.09,296.17,120458016,2154714
2021,Asia,Taiwan,69820.76034,33222.87027,36597.89007,5.36,345.18,206532402,2679372
2019,Asia,Vietnam,66461.01255,10821.54405,55639.4685,3.68,274.48,0,0
2021,Asia,India,66194.95855,36206.0776,29988.88095,5.36,345.18,206532402,2679372
2020,Asia,Taiwan,60427.75338,30219.09315,30208.66023,8.09,296.17,120458016,2154714
2019,Asia,India,57883.36734,34221.377,23661.99034,3.68,274.48,0,0
2019,Asia,Taiwan,54228.9312,31204.90271,23024.02849,3.68,274.48,0,0
2020,Asia,India,51204.30181,27080.30513,24123.99668,8.09,296.17,120458016,2154714
2021,Asia,Malaysia,51036.10314,13812.50036,37223.60278,5.36,345.18,206532402,2679372
2020,Asia,Malaysia,44131.68537,12295.58589,31836.09948,8.09,296.17,120458016,2154714
2021,Asia,Thailand,43097.09584,11590.05073,31507.04511,5.36,345.18,206532402,2679372
2019,Asia,Malaysia,40510.42488,13187.77514,27322.64974,3.68,274.48,0,0
2020,Asia,Thailand,37610.81673,11276.51527,26334.30146,8.09,296.17,120458016,2154714
2019,Asia,Thailand,33443.52775,13303.14614,20140.38161,3.68,274.48,0,0
2020,Asia,Singapore,30825.43205,26929.22983,3896.20222,8.09,296.17,120458016,2154714
2021,Asia,Singapore,27247.0436,32534.53759,-5287.49399,5.36,345.18,206532402,2679372
2019,Asia,Singapore,26394.92856,31193.68358,-4798.75502,3.68,274.48,0,0
2021,Asia,Indonesia,24409.61743,8586.80932,15822.80811,5.36,345.18,206532402,2679372
2020,Asia,Indonesia,20214.75919,7395.648708,12819.11048,8.09,296.17,120458016,2154714
2019,Asia,Indonesia,20108.47812,7731.258995,12377.21913,3.68,274.48,0,0
2019,Asia,Israel,19531.13479,14402.55415,5128.58064,3.68,274.48,0,0
2021,Asia,Israel,16917.74144,11646.63485,5271.10659,5.36,345.18,206532402,2679372
2020,Asia,Israel,15247.24052,10188.22339,5059.01713,8.09,296.17,120458016,2154714
2019,Asia,Saudi Arabia,13403.88466,14482.98681,-1079.10215,3.68,274.48,0,0
2021,Asia,Philippines,12722.04826,8312.900834,4409.147426,5.36,345.18,206532402,2679372
2019,Asia,Philippines,12663.77175,8641.028524,4022.743226,3.68,274.48,0,0
2021,Asia,Saudi Arabia,11850.62137,10057.33848,1793.28289,5.36,345.18,206532402,2679372
2020,Asia,Philippines,11139.27197,7738.750935,3400.521035,8.09,296.17,120458016,2154714
2020,Asia,Saudi Arabia,8991.596284,11109.26433,-2117.668046,8.09,296.17,120458016,2154714
2021,Asia,Cambodia,8018.207241,378.085119,7640.122122,5.36,345.18,206532402,2679372
2020,Asia,Hong Kong,7895.716539,23848.94768,-15953.23114,8.09,296.17,120458016,2154714
2021,Asia,Bangladesh,7412.142172,2004.021677,5408.120495,5.36,345.18,206532402,2679372
2019,Asia,Iraq,7025.133459,1189.168924,5835.964535,3.68,274.48,0,0
2019,Asia,Bangladesh,6674.435746,2339.320099,4335.115647,3.68,274.48,0,0
2020,Asia,Cambodia,6562.39336,343.851096,6218.542264,8.09,296.17,120458016,2154714
2020,Asia,Bangladesh,6070.979586,1851.853154,4219.126432,8.09,296.17,120458016,2154714
2021,Asia,United Arab Emirates,5381.230701,15215.44697,-9834.216269,5.36,345.18,206532402,2679372
2019,Asia,Cambodia,5337.11993,513.93936,4823.18057,3.68,274.48,0,0
2021,Asia,Pakistan,4791.920619,2966.086791,1825.833828,5.36,345.18,206532402,2679372
2019,Asia,Hong Kong,4729.05713,30788.09884,-26059.04171,3.68,274.48,0,0
2019,Asia,United Arab Emirates,4354.700934,19974.29757,-15619.59664,3.68,274.48,0,0
2019,Asia,Pakistan,3920.761316,2648.162975,1272.598341,3.68,274.48,0,0
2020,Asia,Pakistan,3899.977578,2911.768919,988.208659,8.09,296.17,120458016,2154714
2021,Asia,Hong Kong,3702.632784,27277.96861,-23575.33583,5.36,345.18,206532402,2679372
2021,Asia,Iraq,3218.695896,725.570849,2493.125047,5.36,345.18,206532402,2679372
2020,Asia,Iraq,3099.838082,770.124844,2329.713238,8.09,296.17,120458016,2154714
2020,Asia,United Arab Emirates,3053.817475,14721.41907,-11667.6016,8.09,296.17,120458016,2154714
2019,Asia,Sri Lanka,2745.342458,389.998611,2355.343847,3.68,274.48,0,0
2021,Asia,Sri Lanka,2584.756865,359.485838,2225.271027,5.36,345.18,206532402,2679372
2021,Asia,Jordan,2504.487782,1120.382182,1384.1056,5.36,345.18,206532402,2679372
2020,Asia,Sri Lanka,2443.561997,359.154519,2084.407478,8.09,296.17,120458016,2154714
2019,Asia,Jordan,2169.355344,1492.355539,676.999805,3.68,274.48,0,0
2020,Asia,Jordan,1869.596368,1318.932788,550.66358,8.09,296.17,120458016,2154714
2021,Asia,Qatar,1714.151454,2058.645198,-344.493744,5.36,345.18,206532402,2679372
2019,Asia,Qatar,1694.289145,6456.796996,-4762.507851,3.68,274.48,0,0
2021,Asia,Oman,1627.466203,1274.24845,353.217753,5.36,345.18,206532402,2679372
2019,Asia,Kuwait,1418.102403,3170.866654,-1752.764251,3.68,274.48,0,0
2020,Asia,Qatar,1180.688739,3410.729155,-2230.040416,8.09,296.17,120458016,2154714
2019,Asia,Oman,1145.62044,1936.843763,-791.223323,3.68,274.48,0,0
2019,Asia,Bahrain,1050.298948,1406.459305,-356.160357,3.68,274.48,0,0
2021,Asia,Bahrain,1047.788046,848.182785,199.605261,5.36,345.18,206532402,2679372
2020,Asia,Burma,1027.208274,338.944431,688.263843,8.09,296.17,120458016,2154714
2021,Asia,Kuwait,913.084518,2837.60755,-1924.523032,5.36,345.18,206532402,2679372
2021,Asia,Burma,855.094752,205.633118,649.461634,5.36,345.18,206532402,2679372
2019,Asia,Burma,821.457635,346.818656,474.638979,3.68,274.48,0,0
2020,Asia,Oman,814.667423,1129.863595,-315.196172,8.09,296.17,120458016,2154714
2020,Asia,Kuwait,714.241864,2218.620122,-1504.378258,8.09,296.17,120458016,2154714
2020,Asia,Bahrain,636.48064,884.910882,-248.430242,8.09,296.17,120458016,2154714
2020,Asia,Lebanon,194.409434,677.614818,-483.205384,8.09,296.17,120458016,2154714
2021,Asia,Laos,193.709847,25.880706,167.829141,5.36,345.18,206532402,2679372
2021,Asia,Uzbekistan,183.982828,385.182348,-201.19952,5.36,345.18,206532402,2679372
2021,Asia,Lebanon,177.841107,600.23752,-422.396413,5.36,345.18,206532402,2679372
2019,Asia,Lebanon,150.187313,1004.205515,-854.018202,3.68,274.48,0,0
2019,Asia,Laos,149.044717,17.07293,131.971787,3.68,274.48,0,0
2021,Asia,Macau,131.764222,199.394384,-67.630162,5.36,345.18,206532402,2679372
2020,Asia,Laos,104.571196,24.556801,80.014395,8.09,296.17,120458016,2154714
2019,Asia,Macau,103.031672,572.01419,-468.982518,3.68,274.48,0,0
2020,Asia,Macau,101.381635,183.074318,-81.692683,8.09,296.17,120458016,2154714
2021,Asia,Nepal,99.174943,110.966072,-11.791129,5.36,345.18,206532402,2679372
2019,Asia,Nepal,90.936633,122.510559,-31.573926,3.68,274.48,0,0
2020,Asia,Nepal,86.383108,93.648576,-7.265468,8.09,296.17,120458016,2154714
2020,Asia,Brunei,83.103198,120.018826,-36.915628,8.09,296.17,120458016,2154714
2020,Asia,Uzbekistan,80.711979,181.074326,-100.362347,8.09,296.17,120458016,2154714
2021,Asia,Armenia,79.911168,39.62281,40.288358,5.36,345.18,206532402,2679372
2020,Asia,Armenia,68.075637,27.896311,40.179326,8.09,296.17,120458016,2154714
2019,Asia,Armenia,55.104713,52.903054,2.201659,3.68,274.48,0,0
2019,Asia,Brunei,41.428564,287.86121,-246.432646,3.68,274.48,0,0
2019,Asia,Afghanistan,38.744074,757.769159,-719.025085,3.68,274.48,0,0
2019,Asia,Uzbekistan,34.187981,505.539432,-471.351451,3.68,274.48,0,0
2019,Asia,Maldives,25.256402,39.39258,-14.136178,3.68,274.48,0,0
2019,Asia,Mongolia,24.415733,192.845306,-168.429573,3.68,274.48,0,0
2021,Asia,Turkmenistan,21.989168,73.838417,-51.849249,5.36,345.18,206532402,2679372
2021,Asia,Afghanistan,20.424061,244.69867,-224.274609,5.36,345.18,206532402,2679372
2020,Asia,Afghanistan,16.969532,670.662675,-653.693143,8.09,296.17,120458016,2154714
2021,Asia,Brunei,16.834984,95.341889,-78.506905,5.36,345.18,206532402,2679372
2019,Asia,Turkmenistan,16.232334,28.514466,-12.282132,3.68,274.48,0,0
2021,Asia,Mongolia,15.781772,128.868975,-113.087203,5.36,345.18,206532402,2679372
2020,Asia,Turkmenistan,13.887107,32.904915,-19.017808,8.09,296.17,120458016,2154714
2020,Asia,Maldives,13.683345,24.666278,-10.982933,8.09,296.17,120458016,2154714
2021,Asia,Maldives,13.426322,36.51624,-23.089918,5.36,345.18,206532402,2679372
2020,Asia,Mongolia,11.513578,117.730636,-106.217058,8.09,296.17,120458016,2154714
2021,Asia,Republic of Yemen,10.300096,265.300989,-255.000893,5.36,345.18,206532402,2679372
2020,Asia,Syria,9.953277,2.108352,7.844925,8.09,296.17,120458016,2154714
2021,Asia,Syria,8.809801,1.157741,7.65206,5.36,345.18,206532402,2679372
2019,Asia,Syria,5.954982,8.608956,-2.653974,3.68,274.48,0,0
2020,Asia,Kyrgyzstan,5.87584,32.48057,-26.60473,8.09,296.17,120458016,2154714
2021,Asia,Kyrgyzstan,5.707621,31.224406,-25.516785,5.36,345.18,206532402,2679372
2021,Asia,East Timor,5.532435,10.442742,-4.910307,5.36,345.18,206532402,2679372
2019,Asia,Kyrgyzstan,5.311746,20.824861,-15.513115,3.68,274.48,0,0
2019,Asia,East Timor,5.122102,4.789665,0.332437,3.68,274.48,0,0
2021,Asia,West Bank admin. by Israel,5.040349,1.952403,3.087946,5.36,345.18,206532402,2679372
2020,Asia,West Bank admin. by Israel,5.032052,2.055744,2.976308,8.09,296.17,120458016,2154714
2019,Asia,Republic of Yemen,4.769789,269.955378,-265.185589,3.68,274.48,0,0
2020,Asia,East Timor,4.539774,9.286427,-4.746653,8.09,296.17,120458016,2154714
2019,Asia,West Bank admin. by Israel,3.940119,3.335913,0.604206,3.68,274.48,0,0
2020,Asia,Republic of Yemen,3.910856,328.795078,-324.884222,8.09,296.17,120458016,2154714
2020,Asia,Iran,3.863444,36.295626,-32.432182,8.09,296.17,120458016,2154714
2019,Asia,Cocos (Keeling) Islands,2.500865,0.083233,2.417632,3.68,274.48,0,0
2019,Asia,Tajikistan,2.19812,11.343178,-9.145058,3.68,274.48,0,0
2020,Asia,Cocos (Keeling) Islands,1.506173,0.120398,1.385775,8.09,296.17,120458016,2154714
2019,Asia,Iran,1.410667,76.672584,-75.261917,3.68,274.48,0,0
2021,Asia,Christmas Island,1.308543,0.698148,0.610395,5.36,345.18,206532402,2679372
2021,Asia,Iran,1.122098,36.10318,-34.981082,5.36,345.18,206532402,2679372
2021,Asia,Gaza Strip admin. by Israel,1.115205,0.167026,0.948179,5.36,345.18,206532402,2679372
2021,Asia,Cocos (Keeling) Islands,1.114317,0.748225,0.366092,5.36,345.18,206532402,2679372
2020,Asia,Tajikistan,0.85604,7.544862,-6.688822,8.09,296.17,120458016,2154714
2021,Asia,Tajikistan,0.820178,12.258655,-11.438477,5.36,345.18,206532402,2679372
2019,Asia,British Indian Ocean Terr.,0.799412,23.005328,-22.205916,3.68,274.48,0,0
2019,Asia,Bhutan,0.6083,2.836096,-2.227796,3.68,274.48,0,0
2019,Asia,Christmas Island,0.483562,1.596433,-1.112871,3.68,274.48,0,0
2020,Asia,Christmas Island,0.465737,1.978191,-1.512454,8.09,296.17,120458016,2154714
2020,Asia,Bhutan,0.420803,2.857352,-2.436549,8.09,296.17,120458016,2154714
2021,Asia,Bhutan,0.346652,5.672966,-5.326314,5.36,345.18,206532402,2679372
2021,Asia,British Indian Ocean Terr.,0.306096,5.799248,-5.493152,5.36,345.18,206532402,2679372
2020,Asia,Gaza Strip admin. by Israel,0.25341,0.254478,-0.001068,8.09,296.17,120458016,2154714
2019,Asia,Gaza Strip admin. by Israel,0.206487,0.076797,0.12969,3.68,274.48,0,0
2020,Asia,British Indian Ocean Terr.,0.167799,7.299945,-7.132146,8.09,296.17,120458016,2154714
2021,Central America,Costa Rica,5958.556685,6584.542065,-625.98538,5.36,345.18,206532402,2679372
2020,Central America,Costa Rica,5358.696587,5689.742844,-331.046257,8.09,296.17,120458016,2154714
2019,Central America,Costa Rica,5152.92841,6217.844631,-1064.916221,3.68,274.48,0,0
2021,Central America,Honduras,4794.755561,5947.817575,-1153.062014,5.36,345.18,206532402,2679372
2019,Central America,Honduras,4790.537215,5419.479965,-628.94275,3.68,274.48,0,0
2021,Central America,Nicaragua,4240.55484,1914.241402,2326.313438,5.36,345.18,206532402,2679372
2021,Central America,Guatemala,4226.734805,7233.096868,-3006.362063,5.36,345.18,206532402,2679372
2019,Central America,Guatemala,3986.583302,6799.87743,-2813.294128,3.68,274.48,0,0
2020,Central America,Honduras,3858.308615,4202.536459,-344.227844,8.09,296.17,120458016,2154714
2019,Central America,Nicaragua,3857.856766,1618.327436,2239.52933,3.68,274.48,0,0
2020,Central America,Guatemala,3844.014318,5835.297121,-1991.282803,8.09,296.17,120458016,2154714
2020,Central America,Nicaragua,3562.920688,1424.117252,2138.803436,8.09,296.17,120458016,2154714
2019,Central America,El Salvador,2478.151873,3365.784368,-887.632495,3.68,274.48,0,0
2021,Central America,El Salvador,2294.81762,3758.585202,-1463.767582,5.36,345.18,206532402,2679372
2020,Central America,El Salvador,1922.904122,2583.801565,-660.897443,8.09,296.17,120458016,2154714
2021,Central America,Panama,710.830817,7421.750254,-6710.919437,5.36,345.18,206532402,2679372
2020,Central America,Panama,708.838634,5659.952231,-4951.113597,8.09,296.17,120458016,2154714
2019,Central America,Panama,439.561874,7536.458841,-7096.896967,3.68,274.48,0,0
2021,Central America,Belize,63.877035,373.242719,-309.365684,5.36,345.18,206532402,2679372
2019,Central America,Belize,57.088093,405.905802,-348.817709,3.68,274.48,0,0
2020,Central America,Belize,51.352794,395.103774,-343.75098,8.09,296.17,120458016,2154714
2019,European Union,Germany,127508.9005,60069.15403,67439.74647,3.68,274.48,0,0
2021,European Union,Germany,123572.6118,59639.05084,63933.56096,5.36,345.18,206532402,2679372
2020,European Union,Germany,115068.9361,57432.84989,57636.08621,8.09,296.17,120458016,2154714
2021,European Union,Ireland,67731.67536,12388.66931,55343.00605,5.36,345.18,206532402,2679372
2020,European Union,Ireland,66016.74777,9575.27245,56441.47532,8.09,296.17,120458016,2154714
2019,European Union,Ireland,61889.50756,9052.318336,52837.18922,3.68,274.48,0,0
2019,European Union,France,57599.61758,37678.67852,19920.93906,3.68,274.48,0,0
2019,European Union,Italy,57253.97175,23674.82516,33579.14659,3.68,274.48,0,0
2021,European Union,Italy,55720.4608,19880.54751,35839.91329,5.36,345.18,206532402,2679372
2020,European Union,Italy,49413.61952,19884.72945,29528.89007,8.09,296.17,120458016,2154714
2021,European Union,France,46242.87061,26862.37992,19380.49069,5.36,345.18,206532402,2679372
2020,European Union,France,42938.15419,27303.05799,15635.0962,8.09,296.17,120458016,2154714
2021,European Union,Netherlands,31966.92058,48438.55377,-16471.63319,5.36,345.18,206532402,2679372
2019,European Union,Netherlands,29673.21796,50999.79244,-21326.57448,3.68,274.48,0,0
2020,European Union,Netherlands,27407.43113,45304.85589,-17897.42476,8.09,296.17,120458016,2154714
2020,European Union,Belgium,20809.68169,27568.07943,-6758.39774,8.09,296.17,120458016,2154714
2019,European Union,Belgium,20121.97603,34728.20006,-14606.22403,3.68,274.48,0,0
2021,European Union,Belgium,19448.02871,30819.82037,-11371.79166,5.36,345.18,206532402,2679372
2021,European Union,Spain,16858.44657,14262.77312,2595.67345,5.36,345.18,206532402,2679372
2019,European Union,Spain,16761.03178,15340.70169,1420.33009,3.68,274.48,0,0
2020,European Union,Spain,15304.96776,12856.23915,2448.72861,8.09,296.17,120458016,2154714
2021,European Union,Sweden,13608.69025,4721.476221,8887.214029,5.36,345.18,206532402,2679372
2021,European Union,Austria,13452.85208,3673.085948,9779.766132,5.36,345.18,206532402,2679372
2019,European Union,Austria,13164.40303,5708.822351,7455.580679,3.68,274.48,0,0
2020,European Union,Sweden,12377.68281,4770.964733,7606.718077,8.09,296.17,120458016,2154714
2019,European Union,Sweden,12126.87919,4367.182802,7759.696388,3.68,274.48,0,0
2020,European Union,Denmark,11625.91496,2941.01431,8684.90065,8.09,296.17,120458016,2154714
2020,European Union,Austria,11620.6154,3429.524125,8191.091275,8.09,296.17,120458016,2154714
2021,European Union,Denmark,11128.17174,3375.737408,7752.434332,5.36,345.18,206532402,2679372
2019,European Union,Denmark,11007.28931,3194.568165,7812.721145,3.68,274.48,0,0
2021,European Union,Poland,8919.982593,5350.685604,3569.296989,5.36,345.18,206532402,2679372
2020,European Union,Poland,8604.569792,4955.495016,3649.074776,8.09,296.17,120458016,2154714
2019,European Union,Poland,8366.628083,5955.363607,2411.264476,3.68,274.48,0,0
2021,European Union,Hungary,6440.122283,2670.441507,3769.680776,5.36,345.18,206532402,2679372
2019,European Union,Finland,6384.69584,1767.687744,4617.008096,3.68,274.48,0,0
2021,European Union,Finland,6083.130461,1597.879674,4485.250787,5.36,345.18,206532402,2679372
2021,European Union,Czech Republic,5784.321511,3336.79563,2447.525881,5.36,345.18,206532402,2679372
2020,European Union,Czech Republic,5533.4494,2972.74362,2560.70578,8.09,296.17,120458016,2154714
2019,European Union,Czech Republic,5524.015332,2790.556602,2733.45873,3.68,274.48,0,0
2019,European Union,Hungary,5295.670672,1914.211604,3381.459068,3.68,274.48,0,0
2020,European Union,Hungary,5290.885109,2110.821637,3180.063472,8.09,296.17,120458016,2154714
2019,European Union,Slovakia,5139.092228,389.057348,4750.03488,3.68,274.48,0,0
2020,European Union,Slovakia,5023.922119,332.972789,4690.94933,8.09,296.17,120458016,2154714
2020,European Union,Finland,4927.965825,1575.796524,3352.169301,8.09,296.17,120458016,2154714
2021,European Union,Portugal,4584.971264,2071.875339,2513.095925,5.36,345.18,206532402,2679372
2021,European Union,Slovakia,4569.733903,313.642503,4256.0914,5.36,345.18,206532402,2679372
2019,European Union,Portugal,3888.845875,1715.571669,2173.274206,3.68,274.48,0,0
2020,European Union,Portugal,3778.624321,1658.074683,2120.549638,8.09,296.17,120458016,2154714
2021,European Union,Romania,2653.981315,1265.808117,1388.173198,5.36,345.18,206532402,2679372
2019,European Union,Romania,2375.228655,948.895315,1426.33334,3.68,274.48,0,0
2020,European Union,Romania,2131.763634,922.120512,1209.643122,8.09,296.17,120458016,2154714
2021,European Union,Lithuania,1957.87259,1147.089993,810.782597,5.36,345.18,206532402,2679372
2021,European Union,Estonia,1680.007894,410.651375,1269.356519,5.36,345.18,206532402,2679372
2021,European Union,Greece,1538.129402,1414.854556,123.274846,5.36,345.18,206532402,2679372
2019,European Union,Greece,1513.109605,1442.108669,71.000936,3.68,274.48,0,0
2021,European Union,Slovenia,1421.569494,215.768523,1205.800971,5.36,345.18,206532402,2679372
2020,European Union,Lithuania,1341.693466,1020.934249,320.759217,8.09,296.17,120458016,2154714
2020,European Union,Greece,1299.380172,1373.72668,-74.346508,8.09,296.17,120458016,2154714
2020,European Union,Slovenia,1192.598486,298.392387,894.206099,8.09,296.17,120458016,2154714
2019,European Union,Lithuania,1101.906418,933.844493,168.061925,3.68,274.48,0,0
2020,European Union,Estonia,1071.623056,344.985623,726.637433,8.09,296.17,120458016,2154714
2021,European Union,Bulgaria,1054.922137,301.760193,753.161944,5.36,345.18,206532402,2679372
2019,European Union,Estonia,999.648649,410.568393,589.080256,3.68,274.48,0,0
2019,European Union,Slovenia,963.298696,344.202007,619.096689,3.68,274.48,0,0
2019,European Union,Bulgaria,909.669578,462.450894,447.218684,3.68,274.48,0,0
2020,European Union,Bulgaria,847.712656,375.066123,472.646533,8.09,296.17,120458016,2154714
2019,European Union,Latvia,814.593276,551.810107,262.783169,3.68,274.48,0,0
2021,European Union,Croatia,773.061757,678.800587,94.26117,5.36,345.18,206532402,2679372
2021,European Union,Latvia,630.071641,385.79006,244.281581,5.36,345.18,206532402,2679372
2020,European Union,Croatia,601.328736,316.221689,285.107047,8.09,296.17,120458016,2154714
2019,European Union,Croatia,548.529672,710.848042,-162.31837,3.68,274.48,0,0
2020,European Union,Latvia,519.994281,306.136086,213.858195,8.09,296.17,120458016,2154714
2021,European Union,Malta,234.252995,122.646053,111.606942,5.36,345.18,206532402,2679372
2020,European Union,Malta,171.559303,138.102369,33.456934,8.09,296.17,120458016,2154714
2019,European Union,Malta,171.32183,143.319347,28.002483,3.68,274.48,0,0
2019,European Union,Cyprus,72.00249,204.403541,-132.401051,3.68,274.48,0,0
2020,European Union,Cyprus,59.397527,102.938759,-43.541232,8.09,296.17,120458016,2154714
2021,European Union,Cyprus,57.097776,216.374539,-159.276763,5.36,345.18,206532402,2679372
2020,Oceania,Australia,14427.90738,23381.50103,-8953.59365,8.091666667,296.1666667,120458016,2154714
2021,Oceania,Australia,11306.6828,24243.87492,-12937.19212,5.358333333,345.175,206532402,2679372
2019,Oceania,Australia,10823.88601,25867.13619,-15043.25018,3.675,274.4783333,0,0
2021,Oceania,New Zealand,4529.589454,3395.24666,1134.342794,5.358333333,345.175,206532402,2679372
2020,Oceania,New Zealand,4208.04218,3195.462927,1012.579253,8.091666667,296.1666667,120458016,2154714
2019,Oceania,New Zealand,4113.468795,3946.988296,166.480499,3.675,274.4783333,0,0
2019,Oceania,Fiji,246.760896,102.9098,143.851096,3.675,274.4783333,0,0
2020,Oceania,Fiji,223.378022,39.505205,183.872817,8.091666667,296.1666667,120458016,2154714
2021,Oceania,Fiji,219.868309,174.880269,44.98804,5.358333333,345.175,206532402,2679372
2020,Oceania,Papua New Guinea,86.406148,62.51663,23.889518,8.091666667,296.1666667,120458016,2154714
2021,Oceania,French Polynesia,78.445065,121.03603,-42.590965,5.358333333,345.175,206532402,2679372
2019,Oceania,Papua New Guinea,70.161983,95.190112,-25.028129,3.675,274.4783333,0,0
2021,Oceania,Papua New Guinea,69.129493,40.826791,28.302702,5.358333333,345.175,206532402,2679372
2019,Oceania,French Polynesia,51.42625,650.926929,-599.500679,3.675,274.4783333,0,0
2019,Oceania,New Caledonia,44.8814,74.466706,-29.585306,3.675,274.4783333,0,0
2021,Oceania,New Caledonia,44.084755,55.49213,-11.407375,5.358333333,345.175,206532402,2679372
2020,Oceania,New Caledonia,31.005779,60.50958,-29.503801,8.091666667,296.1666667,120458016,2154714
2020,Oceania,Marshall Islands,30.825495,120.005166,-89.179671,8.091666667,296.1666667,120458016,2154714
2020,Oceania,French Polynesia,20.344034,126.357201,-106.013167,8.091666667,296.1666667,120458016,2154714
2021,Oceania,Marshall Islands,14.097137,224.775834,-210.678697,5.358333333,345.175,206532402,2679372
2019,Oceania,Marshall Islands,10.523554,105.172444,-94.64889,3.675,274.4783333,0,0
2021,Oceania,Samoa,8.596987,31.470098,-22.873111,5.358333333,345.175,206532402,2679372
2019,Oceania,Samoa,7.091126,52.803233,-45.712107,3.675,274.4783333,0,0
2021,Oceania,Vanuatu,6.202037,4.283612,1.918425,5.358333333,345.175,206532402,2679372
2019,Oceania,Vanuatu,6.074134,4.64953,1.424604,3.675,274.4783333,0,0
2019,Oceania,Solomon Islands,5.828337,19.82679,-13.998453,3.675,274.4783333,0,0
2020,Oceania,Vanuatu,5.118694,7.014193,-1.895499,8.091666667,296.1666667,120458016,2154714
2019,Oceania,Tonga,4.996943,20.401913,-15.40497,3.675,274.4783333,0,0
2020,Oceania,Samoa,4.951127,26.315089,-21.363962,8.091666667,296.1666667,120458016,2154714
2019,Oceania,Nauru,4.062974,1.232259,2.830715,3.675,274.4783333,0,0
2020,Oceania,Nauru,3.727596,0.607028,3.120568,8.091666667,296.1666667,120458016,2154714
2020,Oceania,Solomon Islands,3.324774,4.66755,-1.342776,8.091666667,296.1666667,120458016,2154714
2020,Oceania,Tonga,3.049646,14.666424,-11.616778,8.091666667,296.1666667,120458016,2154714
2021,Oceania,Tonga,2.846307,17.057756,-14.211449,5.358333333,345.175,206532402,2679372
2019,Oceania,Kiribati,2.791976,2.188142,0.603834,3.675,274.4783333,0,0
2020,Oceania,Micronesia,2.769962,57.813592,-55.04363,8.091666667,296.1666667,120458016,2154714
2020,Oceania,Cook Islands,2.45265,3.252366,-0.799716,8.091666667,296.1666667,120458016,2154714
2021,Oceania,Nauru,2.162087,1.303793,0.858294,5.358333333,345.175,206532402,2679372
2021,Oceania,Micronesia,2.145958,44.354164,-42.208206,5.358333333,345.175,206532402,2679372
2021,Oceania,Solomon Islands,1.694569,14.551565,-12.856996,5.358333333,345.175,206532402,2679372
2019,Oceania,Micronesia,1.557816,45.315708,-43.757892,3.675,274.4783333,0,0
2019,Oceania,Palau,1.473663,19.58078,-18.107117,3.675,274.4783333,0,0
2021,Oceania,Cook Islands,1.191872,3.859697,-2.667825,5.358333333,345.175,206532402,2679372
2020,Oceania,Kiribati,1.126411,1.714888,-0.588477,8.091666667,296.1666667,120458016,2154714
2021,Oceania,Kiribati,0.912786,1.913048,-1.000262,5.358333333,345.175,206532402,2679372
2020,Oceania,Wallis and Futuna,0.792261,0.156174,0.636087,8.091666667,296.1666667,120458016,2154714
2020,Oceania,Niue,0.654819,0.173706,0.481113,8.091666667,296.1666667,120458016,2154714
2021,Oceania,Niue,0.563908,0.092092,0.471816,5.358333333,345.175,206532402,2679372
2021,Oceania,Palau,0.510592,25.385369,-24.874777,5.358333333,345.175,206532402,2679372
2019,Oceania,Cook Islands,0.508881,10.645069,-10.136188,3.675,274.4783333,0,0
2019,Oceania,Niue,0.46039,0.251587,0.208803,3.675,274.4783333,0,0
2020,Oceania,Palau,0.458132,21.107173,-20.649041,8.091666667,296.1666667,120458016,2154714
2021,Oceania,Tuvalu,0.260834,0.426078,-0.165244,5.358333333,345.175,206532402,2679372
2019,Oceania,Tuvalu,0.15527,0.832383,-0.677113,3.675,274.4783333,0,0
2021,Oceania,Wallis and Futuna,0.102763,0.029788,0.072975,5.358333333,345.175,206532402,2679372
2020,Oceania,Pitcairn Islands,0.102049,0,0.102049,8.091666667,296.1666667,120458016,2154714
2019,Oceania,Norfolk Island,0.080778,0.012606,0.068172,3.675,274.4783333,0,0
2020,Oceania,Tuvalu,0.065713,1.681998,-1.616285,8.091666667,296.1666667,120458016,2154714
2019,Oceania,Wallis and Futuna,0.050346,0.471688,-0.421342,3.675,274.4783333,0,0
2021,Oceania,Pitcairn Islands,0.05012,0.004836,0.045284,5.358333333,345.175,206532402,2679372
2021,Oceania,Norfolk Island,0.049434,0.254336,-0.204902,5.358333333,345.175,206532402,2679372
2020,Oceania,Norfolk Island,0.03808,11.706526,-11.668446,8.091666667,296.1666667,120458016,2154714
2019,Oceania,Pitcairn Islands,0.023543,0.006273,0.01727,3.675,274.4783333,0,0
2019,South America,Brazil,30934.46186,42866.31313,-11931.85127,3.675,274.4783333,0,0
2021,South America,Brazil,28256.19588,42782.92006,-14526.72418,5.358333333,345.175,206532402,2679372
2020,South America,Brazil,23396.86417,34594.96448,-11198.10031,8.091666667,296.1666667,120458016,2154714
2019,South America,Colombia,14151.32498,14750.44708,-599.1221,3.675,274.4783333,0,0
2021,South America,Chile,13785.40137,15807.45538,-2022.05401,5.358333333,345.175,206532402,2679372
2021,South America,Colombia,11866.57152,14758.8681,-2892.29658,5.358333333,345.175,206532402,2679372
2020,South America,Colombia,10797.95962,11913.53255,-1115.57293,8.091666667,296.1666667,120458016,2154714
2019,South America,Chile,10393.82728,15709.11029,-5315.28301,3.675,274.4783333,0,0
2020,South America,Chile,10107.46743,12482.95908,-2375.49165,8.091666667,296.1666667,120458016,2154714
2021,South America,Ecuador,7307.126929,4563.720545,2743.406384,5.358333333,345.175,206532402,2679372
2019,South America,Ecuador,6952.579082,5569.45745,1383.121632,3.675,274.4783333,0,0
2019,South America,Peru,6139.467888,9658.321069,-3518.853181,3.675,274.4783333,0,0
2021,South America,Peru,6095.822836,9126.082415,-3030.259579,5.358333333,345.175,206532402,2679372
2020,South America,Ecuador,5939.640369,4132.909494,1806.730875,8.091666667,296.1666667,120458016,2154714
2020,South America,Peru,5522.108456,7575.958827,-2053.850371,8.091666667,296.1666667,120458016,2154714
2019,South America,Argentina,4930.104906,8145.477562,-3215.372656,3.675,274.4783333,0,0
2021,South America,Argentina,4584.324481,7034.317484,-2449.993003,5.358333333,345.175,206532402,2679372
2020,South America,Argentina,4190.388209,5914.992293,-1724.604084,8.091666667,296.1666667,120458016,2154714
2021,South America,Trinidad and Tobago,3935.754191,2493.006913,1442.747278,5.358333333,345.175,206532402,2679372
2019,South America,Trinidad and Tobago,3426.165444,2816.83144,609.334004,3.675,274.4783333,0,0
2020,South America,Trinidad and Tobago,2478.636865,2400.558921,78.077944,8.091666667,296.1666667,120458016,2154714
2021,South America,Guyana,2228.452193,915.590486,1312.861707,5.358333333,345.175,206532402,2679372
2019,South America,Venezuela,1933.744473,1302.132143,631.61233,3.675,274.4783333,0,0
2020,South America,Guyana,748.242415,654.544026,93.698389,8.091666667,296.1666667,120458016,2154714
2021,South America,Uruguay,589.371193,1514.777665,-925.406472,5.358333333,345.175,206532402,2679372
2020,South America,Uruguay,554.665962,1217.057095,-662.391133,8.091666667,296.1666667,120458016,2154714
2019,South America,Uruguay,519.02417,1616.17504,-1097.15087,3.675,274.4783333,0,0
2021,South America,Bolivia,470.394655,471.5552,-1.160545,5.358333333,345.175,206532402,2679372
2019,South America,Bolivia,454.834719,552.267876,-97.433157,3.675,274.4783333,0,0
2020,South America,Bolivia,380.020447,447.109878,-67.089431,8.091666667,296.1666667,120458016,2154714
2021,South America,Venezuela,264.880634,1520.082145,-1255.201511,5.358333333,345.175,206532402,2679372
2020,South America,Suriname,180.209963,267.384625,-87.174662,8.091666667,296.1666667,120458016,2154714
2021,South America,Paraguay,171.125029,1915.371487,-1744.246458,5.358333333,345.175,206532402,2679372
2020,South America,Venezuela,167.405606,1130.314357,-962.908751,8.091666667,296.1666667,120458016,2154714
2019,South America,Paraguay,161.680943,2108.012369,-1946.331426,3.675,274.4783333,0,0
2020,South America,Paraguay,149.834685,1267.396266,-1117.561581,8.091666667,296.1666667,120458016,2154714
2019,South America,Guyana,131.690648,671.829417,-540.138769,3.675,274.4783333,0,0
2019,South America,Suriname,82.889047,382.282575,-299.393528,3.675,274.4783333,0,0
2019,South America,Curacao,71.461631,409.980207,-338.518576,3.675,274.4783333,0,0
2021,South America,Suriname,61.040433,279.550086,-218.509653,5.358333333,345.175,206532402,2679372
2021,South America,Curacao,37.64842,318.411545,-280.763125,5.358333333,345.175,206532402,2679372
2020,South America,Aruba,34.124575,308.565433,-274.440858,8.091666667,296.1666667,120458016,2154714
2020,South America,Curacao,27.854676,348.455005,-320.600329,8.091666667,296.1666667,120458016,2154714
2021,South America,Aruba,26.841416,426.111674,-399.270258,5.358333333,345.175,206532402,2679372
2019,South America,Aruba,19.8444,560.166262,-540.321862,3.675,274.4783333,0,0
2019,South America,Falkland Islands(Islas Malvin,18.835105,0.317783,18.517322,3.675,274.4783333,0,0
2020,South America,Falkland Islands(Islas Malvin,11.404187,0.305611,11.098576,8.091666667,296.1666667,120458016,2154714
2021,South America,Falkland Islands(Islas Malvin,10.624716,0.271385,10.353331,5.358333333,345.175,206532402,2679372
2020,South America,French Guiana,6.131536,482.576101,-476.444565,8.091666667,296.1666667,120458016,2154714
2019,South America,French Guiana,0.332806,332.233664,-331.900858,3.675,274.4783333,0,0
2021,South America,French Guiana,0.242867,188.280093,-188.037226,5.358333333,345.175,206532402,2679372
2019,North America,Canada,318778.3258,292820.2576,-44045.3011,3.675,274.4783333,0,0
2020,North America,Canada,270313.4353,255392.3447,-25958.0682,8.091666667,296.1666667,120458016,2154714
2021,North America,Canada,357859.1099,307691.7091,-14921.0906,5.358333333,345.175,206532402,2679372
2019,North America,Mexico,356157.0985,256315.8275,-99841.271,3.675,274.4783333,0,0
2020,North America,Mexico,325211.886,211481.0207,-113730.8653,8.091666667,296.1666667,120458016,2154714
2021,North America,Mexico,386085.9229,276807.0212,-109278.9017,5.358333333,345.175,206532402,2679372
